-- MySQL dump 10.13  Distrib 8.0.23, for Win64 (x86_64)
--
-- Host: 127.0.0.1    Database: parousiologio
-- ------------------------------------------------------
-- Server version	8.0.24
DROP DATABASE IF EXISTS parousiologio;
CREATE DATABASE parousiologio;
USE parousiologio;
/*!40101 SET @OLD_CHARACTER_SET_CLIENT=@@CHARACTER_SET_CLIENT */;
/*!40101 SET @OLD_CHARACTER_SET_RESULTS=@@CHARACTER_SET_RESULTS */;
/*!40101 SET @OLD_COLLATION_CONNECTION=@@COLLATION_CONNECTION */;
/*!50503 SET NAMES utf8 */;
/*!40103 SET @OLD_TIME_ZONE=@@TIME_ZONE */;
/*!40103 SET TIME_ZONE='+00:00' */;
/*!40014 SET @OLD_UNIQUE_CHECKS=@@UNIQUE_CHECKS, UNIQUE_CHECKS=0 */;
/*!40014 SET @OLD_FOREIGN_KEY_CHECKS=@@FOREIGN_KEY_CHECKS, FOREIGN_KEY_CHECKS=0 */;
/*!40101 SET @OLD_SQL_MODE=@@SQL_MODE, SQL_MODE='NO_AUTO_VALUE_ON_ZERO' */;
/*!40111 SET @OLD_SQL_NOTES=@@SQL_NOTES, SQL_NOTES=0 */;

--
-- Table structure for table `aitia`
--

DROP TABLE IF EXISTS `aitia`;
/*!40101 SET @saved_cs_client     = @@character_set_client */;
/*!50503 SET character_set_client = utf8mb4 */;
CREATE TABLE `aitia` (
  `id_aitia` int NOT NULL,
  `aitia` varchar(45) CHARACTER SET utf8mb4 COLLATE utf8mb4_general_ci DEFAULT NULL,
  PRIMARY KEY (`id_aitia`)
) ENGINE=InnoDB DEFAULT CHARSET=utf8mb4 COLLATE=utf8mb4_general_ci;
/*!40101 SET character_set_client = @saved_cs_client */;

--
-- Dumping data for table `aitia`
--

LOCK TABLES `aitia` WRITE;
/*!40000 ALTER TABLE `aitia` DISABLE KEYS */;
INSERT INTO `aitia` VALUES (1,'Άδεια'),(2,'Απαλλαγή'),(3,'Ασθένεια'),(4,'Άλλη');
/*!40000 ALTER TABLE `aitia` ENABLE KEYS */;
UNLOCK TABLES;

--
-- Table structure for table `apousies`
--

DROP TABLE IF EXISTS `apousies`;
/*!40101 SET @saved_cs_client     = @@character_set_client */;
/*!50503 SET character_set_client = utf8mb4 */;
CREATE TABLE `apousies` (
  `id_apousies` int NOT NULL AUTO_INCREMENT,
  `imerominia` date NOT NULL,
  `id_students` int NOT NULL,
  `id_aitia` int NOT NULL,
  `tekmiriosi` varchar(200) CHARACTER SET utf8mb4 COLLATE utf8mb4_general_ci DEFAULT NULL,
  `id_roles` int NOT NULL,
  `xronosfragida` timestamp NOT NULL,
  `apousia` tinyint(1) unsigned zerofill DEFAULT '1',
  PRIMARY KEY (`id_apousies`),
  KEY `kataxoritis_idx` (`id_roles`),
  KEY `aitia_idx` (`id_aitia`),
  KEY `mathitis_idx` (`id_students`),
  CONSTRAINT `aitia` FOREIGN KEY (`id_aitia`) REFERENCES `aitia` (`id_aitia`),
  CONSTRAINT `kataxoritis` FOREIGN KEY (`id_roles`) REFERENCES `roles` (`id_roles`) ON DELETE RESTRICT ON UPDATE RESTRICT,
  CONSTRAINT `mathitis` FOREIGN KEY (`id_students`) REFERENCES `students` (`id_students`)
) ENGINE=InnoDB AUTO_INCREMENT=22 DEFAULT CHARSET=utf8mb4 COLLATE=utf8mb4_general_ci;
/*!40101 SET character_set_client = @saved_cs_client */;

--
-- Dumping data for table `apousies`
--

LOCK TABLES `apousies` WRITE;
/*!40000 ALTER TABLE `apousies` DISABLE KEYS */;
INSERT INTO `apousies` VALUES (1,'2021-06-18',1,1,'uploads\\sphy20210115.png',1,'2021-06-20 20:09:15',0),(2,'2021-06-16',2,2,NULL,2,'2021-06-17 19:45:14',1),(3,'2021-06-18',5,3,'uploads\\sphy20210115.png',3,'2021-06-21 17:17:04',1),(4,'2021-06-21',8,1,'0',1,'2021-06-21 07:28:44',1),(5,'2021-06-18',9,3,'uploads\\sphy137_php.pdf',3,'2021-06-21 17:03:16',1),(6,'2021-06-21',10,1,'uploads\\αρχείο_λήψης_(1).png',1,'2021-06-21 07:42:26',1),(7,'2021-06-04',8,1,NULL,1,'2021-06-21 07:44:30',1),(8,'2021-06-16',2,2,NULL,2,'2021-06-21 15:21:33',1),(19,'2021-06-22',7,1,'uploads\\αρχείο_λήψης_(1).png',3,'2021-06-21 21:07:40',1),(20,'2021-06-22',1,3,'uploads\\sphy20210115.png',3,'2021-06-21 21:07:51',1),(21,'2021-06-16',3,1,NULL,1,'2021-06-22 04:29:58',1);
/*!40000 ALTER TABLE `apousies` ENABLE KEYS */;
UNLOCK TABLES;

--
-- Table structure for table `roles`
--

DROP TABLE IF EXISTS `roles`;
/*!40101 SET @saved_cs_client     = @@character_set_client */;
/*!50503 SET character_set_client = utf8mb4 */;
CREATE TABLE `roles` (
  `id_roles` int NOT NULL,
  `roles` varchar(45) CHARACTER SET utf8mb4 COLLATE utf8mb4_general_ci NOT NULL,
  `username` varchar(100) CHARACTER SET utf8mb4 COLLATE utf8mb4_general_ci NOT NULL,
  `password` varchar(255) CHARACTER SET utf8mb4 COLLATE utf8mb4_general_ci NOT NULL,
  PRIMARY KEY (`id_roles`)
) ENGINE=InnoDB DEFAULT CHARSET=utf8mb4 COLLATE=utf8mb4_general_ci;
/*!40101 SET character_set_client = @saved_cs_client */;

--
-- Dumping data for table `roles`
--

LOCK TABLES `roles` WRITE;
/*!40000 ALTER TABLE `roles` DISABLE KEYS */;
INSERT INTO `roles` VALUES (1,'Γραφείο Εκπαιδεύσεως','diaxstis','$2y$10$qHFZ9AYxY2qiT4/oJe4WOOwM5dPUVt.rbh994rOH6chI1zmMQrwH2'),(2,'Αρχηγός Τμήματος','arxigos136','$2y$10$Hg6cqJw2xesfLhyvvBfNKu3odTqaZhKM4ny7lVervwPmH4ySWgF7W'),(3,'Αρχηγός Τμήματος','arxigos137','$2y$10$Hg6cqJw2xesfLhyvvBfNKu3odTqaZhKM4ny7lVervwPmH4ySWgF7W');
/*!40000 ALTER TABLE `roles` ENABLE KEYS */;
UNLOCK TABLES;

--
-- Table structure for table `seires`
--

DROP TABLE IF EXISTS `seires`;
/*!40101 SET @saved_cs_client     = @@character_set_client */;
/*!50503 SET character_set_client = utf8mb4 */;
CREATE TABLE `seires` (
  `id_seires` int NOT NULL AUTO_INCREMENT,
  `seires_name` varchar(45) CHARACTER SET utf8mb4 COLLATE utf8mb4_general_ci DEFAULT NULL,
  `deleted` tinyint(1) DEFAULT NULL,
  PRIMARY KEY (`id_seires`)
) ENGINE=InnoDB AUTO_INCREMENT=15 DEFAULT CHARSET=utf8mb4 COLLATE=utf8mb4_general_ci;
/*!40101 SET character_set_client = @saved_cs_client */;

--
-- Dumping data for table `seires`
--

LOCK TABLES `seires` WRITE;
/*!40000 ALTER TABLE `seires` DISABLE KEYS */;
INSERT INTO `seires` VALUES (1,'125',1),(2,'126',0),(3,'127',0),(4,'128',0),(5,'129',0),(6,'130',0),(7,'131',0),(8,'132',0),(9,'133',0),(10,'134',0),(11,'135',0),(12,'136',0),(13,'137',0),(14,'138',0);
/*!40000 ALTER TABLE `seires` ENABLE KEYS */;
UNLOCK TABLES;

--
-- Table structure for table `specialization`
--

DROP TABLE IF EXISTS `specialization`;
/*!40101 SET @saved_cs_client     = @@character_set_client */;
/*!50503 SET character_set_client = utf8mb4 */;
CREATE TABLE `specialization` (
  `id_specialization` int NOT NULL,
  `spec_abbr` varchar(45) CHARACTER SET utf8mb4 COLLATE utf8mb4_general_ci DEFAULT NULL,
  `spec_full` varchar(45) CHARACTER SET utf8mb4 COLLATE utf8mb4_general_ci DEFAULT NULL,
  PRIMARY KEY (`id_specialization`)
) ENGINE=InnoDB DEFAULT CHARSET=utf8mb4 COLLATE=utf8mb4_general_ci;
/*!40101 SET character_set_client = @saved_cs_client */;

--
-- Dumping data for table `specialization`
--

LOCK TABLES `specialization` WRITE;
/*!40000 ALTER TABLE `specialization` DISABLE KEYS */;
INSERT INTO `specialization` VALUES (1,'(ΠΖ)','ΠΕΖΙΚΟΥ'),(2,'(ΠΒ)','ΠΥΡΟΒΟΛΙΚΟΥ'),(3,'(ΤΘ)','ΤΕΘΩΡΑΚΙΣΜΕΝΩΝ'),(4,'(ΜΧ)','ΜΗΧΑΝΙΚΟΥ'),(5,'(ΔΒ)','ΔΙΑΒΙΒΑΣΕΩΝ'),(6,'(ΑΣ)','ΑΕΡΟΠΟΡΙΑΣ ΣΤΡΑΤΟΥ'),(7,'(ΤΧ)','ΤΕΧΝΙΚΟΥ'),(8,'(ΥΠ)','ΥΛΙΚΟΥ ΠΟΛΕΜΟΥ'),(9,'(ΕΜ)','ΕΦΟΔΙΑΣΜΟΥ - ΜΕΤΑΦΟΡΩΝ'),(10,'(Ο)','ΟΙΚΟΝΟΜΙΚΟΥ'),(11,'(ΥΙ)','ΥΓΕΙΟΝΟΜΙΚΟΥ - ΙΑΤΡΟΣ'),(12,'(Ι)','ΙΠΤΑΜΕΝΟΣ'),(13,'(ΜΑ)','ΜΗΧΑΝΙΚΟΣ ΑΕΡΟΣΚΑΦΩΝ'),(14,'(ΜΗ)','ΜΗΧΑΝΙΚΟΣ ΗΛΕΚΤΡΟΝΙΚΩΝ'),(15,'(ΜΕ)','ΜΗΧΑΝΙΚΟΣ ΕΓΚΑΤΑΣΤΑΣΕΩΝ'),(16,'(ΕΑ)','ΕΛΕΓΚΤΗΣ ΑΕΡΑΜΥΝΑΣ'),(17,'','ΜΑΧΙΜΟΣ'),(18,'(Μ)','ΜΗΧΑΝΙΚΟΣ'),(19,NULL,'(ΓΙΑ Μ.Υ)');
/*!40000 ALTER TABLE `specialization` ENABLE KEYS */;
UNLOCK TABLES;

--
-- Table structure for table `students`
--

DROP TABLE IF EXISTS `students`;
/*!40101 SET @saved_cs_client     = @@character_set_client */;
/*!50503 SET character_set_client = utf8mb4 */;
CREATE TABLE `students` (
  `id_students` int NOT NULL AUTO_INCREMENT,
  `id_vathmoi` int DEFAULT NULL,
  `id_specialization` int DEFAULT NULL,
  `students_surname` varchar(45) CHARACTER SET utf8mb4 COLLATE utf8mb4_general_ci DEFAULT NULL,
  `students_name` varchar(45) CHARACTER SET utf8mb4 COLLATE utf8mb4_general_ci DEFAULT NULL,
  `id_seires` int DEFAULT NULL,
  `stud_deleted` tinyint(1) DEFAULT NULL,
  PRIMARY KEY (`id_students`),
  KEY `rank_idx` (`id_vathmoi`),
  KEY `spec_idx` (`id_specialization`),
  KEY `seira_idx` (`id_seires`),
  CONSTRAINT `rank` FOREIGN KEY (`id_vathmoi`) REFERENCES `vathmoi` (`id_vathmoi`),
  CONSTRAINT `seira` FOREIGN KEY (`id_seires`) REFERENCES `seires` (`id_seires`),
  CONSTRAINT `spec` FOREIGN KEY (`id_specialization`) REFERENCES `specialization` (`id_specialization`)
) ENGINE=InnoDB AUTO_INCREMENT=11 DEFAULT CHARSET=utf8mb4 COLLATE=utf8mb4_general_ci;
/*!40101 SET character_set_client = @saved_cs_client */;

--
-- Dumping data for table `students`
--

LOCK TABLES `students` WRITE;
/*!40000 ALTER TABLE `students` DISABLE KEYS */;
INSERT INTO `students` VALUES (1,1,1,'ΙΩΑΝΝΟΥ','ΙΩΑΝΝΗΣ',13,0),(2,3,3,'ΠΑΥΛΟΒΙΤΣ','ΑΝΔΡΕΑΣ',13,0),(3,3,3,'ΓΕΩΡΓΙΟΥ','ΓΕΩΡΓΙΟΣ',13,0),(4,4,4,'ΚΩΝΣΤΑΝΤΙΝΟΥ','ΚΩΝΣΤΑΝΤΙΝΟΣ',13,0),(5,5,12,'ΔΗΜΗΤΡΙΟΥ','ΔΗΜΗΤΡΙΟΣ',13,0),(6,6,13,'ΠΑΠΑΔΟΠΟΥΛΟΣ','ΜΙΧΑΗΛ',13,1),(7,13,19,'ΑΝΑΣΤΑΣΙΟΥ','ΑΝΑΣΤΑΣΙΟΣ',13,0),(8,1,1,'ΑΜΠΝΤΟΥΛΑΧ','ΣΑΧΤΑΡ',12,1),(9,1,1,'ΛΑΛΑΣ','ΛΕΛΕΣ',12,0),(10,1,1,'ΠΑΠΑΔΟΠΟΥΛΟΣ','ΔΑΥΙΔ',12,0);
/*!40000 ALTER TABLE `students` ENABLE KEYS */;
UNLOCK TABLES;

--
-- Table structure for table `temp_apousies`
--

DROP TABLE IF EXISTS `temp_apousies`;
/*!40101 SET @saved_cs_client     = @@character_set_client */;
/*!50503 SET character_set_client = utf8mb4 */;
CREATE TABLE `temp_apousies` (
  `idtemp_apousies` int NOT NULL AUTO_INCREMENT,
  `imerominia` date NOT NULL,
  `id_students` int NOT NULL,
  `id_aitia` int NOT NULL,
  `tekmiriosi` varchar(200) COLLATE utf8mb4_general_ci DEFAULT NULL,
  `id_roles` int NOT NULL,
  `xronosfragida` timestamp NOT NULL,
  PRIMARY KEY (`idtemp_apousies`)
) ENGINE=InnoDB AUTO_INCREMENT=5 DEFAULT CHARSET=utf8mb4 COLLATE=utf8mb4_general_ci;
/*!40101 SET character_set_client = @saved_cs_client */;

--
-- Dumping data for table `temp_apousies`
--

LOCK TABLES `temp_apousies` WRITE;
/*!40000 ALTER TABLE `temp_apousies` DISABLE KEYS */;
INSERT INTO `temp_apousies` VALUES (1,'2021-06-21',7,1,'uploads\\sphy20210115.png',3,'2021-06-21 19:16:39'),(2,'2021-06-21',3,4,NULL,3,'2021-06-21 19:17:46'),(3,'2021-06-22',7,1,'uploads\\αρχείο_λήψης_(1).png',3,'2021-06-21 21:07:40'),(4,'2021-06-22',1,3,'uploads\\sphy20210115.png',3,'2021-06-21 21:07:51');
/*!40000 ALTER TABLE `temp_apousies` ENABLE KEYS */;
UNLOCK TABLES;

--
-- Table structure for table `vathmoi`
--

DROP TABLE IF EXISTS `vathmoi`;
/*!40101 SET @saved_cs_client     = @@character_set_client */;
/*!50503 SET character_set_client = utf8mb4 */;
CREATE TABLE `vathmoi` (
  `id_vathmoi` int NOT NULL,
  `vathmoi_abbr` varchar(45) CHARACTER SET utf8mb4 COLLATE utf8mb4_general_ci DEFAULT NULL,
  `vathmoi_full` varchar(45) CHARACTER SET utf8mb4 COLLATE utf8mb4_general_ci DEFAULT NULL,
  PRIMARY KEY (`id_vathmoi`)
) ENGINE=InnoDB DEFAULT CHARSET=utf8mb4 COLLATE=utf8mb4_general_ci;
/*!40101 SET character_set_client = @saved_cs_client */;

--
-- Dumping data for table `vathmoi`
--

LOCK TABLES `vathmoi` WRITE;
/*!40000 ALTER TABLE `vathmoi` DISABLE KEYS */;
INSERT INTO `vathmoi` VALUES (1,'ΑΝΘΛΓΟΣ','ΑΝΘΥΠΟΛΟΧΑΓΟΣ'),(2,'ΥΠΛΓΟΣ','ΥΠΟΛΟΧΑΓΟΣ'),(3,'ΛΓΟΣ','ΛΟΧΑΓΟΣ'),(4,'ΤΧΗΣ','ΤΑΓΜΑΤΑΡΧΗΣ'),(5,'ΑΝΘΣΓΟΣ','ΑΝΘΥΠΟΣΜΗΝΑΓΟΣ'),(6,'ΥΠΣΓΟΣ','ΥΠΟΣΜΗΝΑΓΟΣ'),(7,'ΣΓΟΣ','ΣΜΗΝΑΓΟΣ'),(8,'ΕΠΓΟΣ','ΕΠΙΣΜΗΝΑΓΟΣ'),(9,'ΣΜΡΟΣ','ΣΗΜΑΙΟΦΟΡΟΣ'),(10,'ΑΝΘΧΟΣ','ΑΝΘΥΠΟΠΛΟΙΑΡΧΟΣ'),(11,'ΥΠΧΟΣ','ΥΠΟΠΛΟΙΑΡΧΟΣ'),(12,'ΠΧΗΣ','ΠΛΩΤΑΡΧΗΣ'),(13,'Μ.Υ','ΜΟΝΙΜΟΣ ΥΠΑΛΛΗΛΟΣ');
/*!40000 ALTER TABLE `vathmoi` ENABLE KEYS */;
UNLOCK TABLES;

--
-- Dumping events for database 'parousiologio'
--

--
-- Dumping routines for database 'parousiologio'
--
/*!40103 SET TIME_ZONE=@OLD_TIME_ZONE */;

/*!40101 SET SQL_MODE=@OLD_SQL_MODE */;
/*!40014 SET FOREIGN_KEY_CHECKS=@OLD_FOREIGN_KEY_CHECKS */;
/*!40014 SET UNIQUE_CHECKS=@OLD_UNIQUE_CHECKS */;
/*!40101 SET CHARACTER_SET_CLIENT=@OLD_CHARACTER_SET_CLIENT */;
/*!40101 SET CHARACTER_SET_RESULTS=@OLD_CHARACTER_SET_RESULTS */;
/*!40101 SET COLLATION_CONNECTION=@OLD_COLLATION_CONNECTION */;
/*!40111 SET SQL_NOTES=@OLD_SQL_NOTES */;

-- Dump completed on 2021-06-22  7:31:31
